{{original research|date=December 2018}}
{{primary sources|date=December 2018}}
This is a set of lists of '''English personal and place names whose pronunciations are counterintuitive to their spelling''', because the pronunciation does not correspond to the spelling, or because a better known namesake has a markedly different pronunciation. The latter are known as '''heterophonic''' names (the opposite of [[homophone]]s, which are written differently but pronounced the same).

Excluded are the numerous spellings which fail to make the pronunciation obvious without actually being at odds with it: for example, the pronunciation {{IPAc-en|s|k|ə|ˈ|n|ɛ|k|t|ə|d|i}}{{refn|{{OxfordDictionaries.com|accessdate=2016-01-22|Schenectady}}}}{{refn|{{MerriamWebsterDictionary|accessdate=2016-01-22|Schenectady}}}} of ''[[Schenectady]]'' is not immediately obvious, but neither is it counterintuitive.

See [[Help:IPA/English]] for guides to the IPA symbols used, and variations depending on dialect.{{#tag:ref|For towns near the cusp of two dialect regions, both variants are usually heard, and wider still for important cities or even within them. Examples in that article include [[New York City]] and [[Bath, Somerset|Bath]]|group= n}}

{{TOC limit|2}}

==Place names of the UK and Ireland==
See [[List of places in the United Kingdom and Ireland with counterintuitive pronunciations]], and:
* [[List of places in England with counterintuitive pronunciations: A–L]]
* [[List of places in England with counterintuitive pronunciations: M–Z]]

==Place names in the United States of America==
See:
* [[List of places in the United States with counterintuitive pronunciations: A–L]]
* [[List of places in the United States with counterintuitive pronunciations: M–Z]]

==Place names in Canada==
* [[Agassiz, British Columbia]] – {{IPAc-en|ˈ|æ|ɡ|ə|s|i}}{{refn|{{MerriamWebsterDictionary|accessdate=2016-01-22|Agassiz}}}}
* [[Baie d'Espoir|Baie d'Espoir, Newfoundland]] – {{IPAc-en|ˌ|b|eɪ|d|ᵻ|s|ˈ|p|ɛər}}{{#tag:ref|French for "Bay of Hope", and paradoxically pronounced "Bay Despair"|group= n}}
* [[Delhi, Ontario]] – {{IPAc-en|ˈ|d|ɛ|l|h|aɪ}}
* [[Etobicoke|Etobicoke, Ontario]] – {{IPAc-en|ᵻ|ˈ|t|oʊ|b|ᵻ|k|oʊ}}
* [[Gaultois, Newfoundland and Labrador]] – {{IPAc-en|ˈ|ɡ|ɔː|l|t|ə|s}}
* [[Grand Bruit, Newfoundland and Labrador]] – {{IPAc-en|ˈ|g|r|æ|n|d|b|r|ɪ|t}} (French: {{IPA|/grɑ̃ ˈbʁɥi/}})
* [[L'Ardoise, Nova Scotia]] – {{IPAc-en|ˈ|l|ɔːr|d|w|eɪ|z}} (French: {{IPA|/laʁˈdwaz/}})
* [[Magaguadavic, New Brunswick]] - {{IPAc-en|ˌ|m|æ|k|ə|ˈ|d|eɪ|v|i}} ("mac-a-day-vy")<ref>{{cite web|title=Magaguadavic|url=http://archives.gnb.ca/exhibits/communities/Details.aspx?culture=en-CA&community=2334|website=Place Names of New Brunswick|publisher=Public Archives of New Brunswick|accessdate=21 January 2017}}</ref>
* [[Osoyoos, British Columbia]] – {{IPAc-en|ɒ|ˈ|s|uː|j|uː|s}} or {{IPAc-en|ɒ|ˈ|s|uː|j|ə|s}} and (originally) {{IPAc-en|ˈ|s|uː|j|uː|s}}
* [[Ossington Avenue|Ossington Avenue, Toronto]] - {{IPAc-en|ˈ|ɒ|z|ɪ|ŋ|t|ə|n}}
* [[Pouce Coupe, British Columbia]] - {{IPAc-en|ˈ|p|uː|s|k|uː|p|iː}} (French "Pouce Coupé": {{IPA|/puskuˈpe/}})
* [[Quesnel, British Columbia]] – {{IPAc-en|k|w|ᵻ|ˈ|n|ɛ|l}}
* [[Quidi Vidi|Quidi Vidi, Newfoundland]] – {{IPAc-en|ˈ|k|ɪ|d|i|ˌ|v|ɪ|d|i}}<!-- keep this as conflicts with intuitive latin here: which even anglicised would be keedee veedee.-->
* [[Quirpon, Newfoundland and Labrador]] – {{IPAc-en|ˈ|k|ɑːr|p|uː|n}}
* [[Rusagonis-Waasis]], New Brunswick - {{IPAc-en|ˌ|r|uː|ʃ|ɑː|ˈ|g|ɔːr|n|ɪ|ʃ}} ("roo-sha-gor-nish")<ref>{{cite web|title=Rusagonis|url=http://archives.gnb.ca/exhibits/communities/Details.aspx?culture=en-CA&community=3420|website=Place Names of New Brunswick|publisher=Public Archives of New Brunswick|accessdate=21 January 2017}}</ref>
* [[Saanich Peninsula]] and related place names in [[British Columbia]] – {{IPAc-en|ˈ|s|æ|n|ᵻ|tʃ}}
* [[Sault Ste. Marie, Ontario]] – {{IPAc-en|ˈ|s|uː|_|s|eɪ|n|t|_|m|ə|ˈ|r|iː}}
* [[Sechelt, British Columbia]] – {{IPAc-en|ˈ|s|iː|ʃ|ɛ|l|t}}
<!-- * [[Sheshatshiu, Newfoundland and Labrador]] – {{IPAc-en|ʃ|ɛ|h|ə|ʃ|iː}} Many different varieties; all attempts to imitate the pronunciation in the Sheshatshiu language -->
* [[Skidegate, British Columbia]] – {{IPAc-en|ˈ|s|k|ɪ|d|ᵻ|ɡ|ᵻ|t}}  <!--borderline: same as Harrogate, cf. however Ramsgate etc... -->
* [[Stouffville, Ontario]] – {{IPAc-en|ˈ|s|t|oʊ|v|ɪ|l}}
* Strachan Avenue, Toronto – {{IPAc-en|ˈ|s|t|r|ɔː|n}}
* [[Summerland, British Columbia]] – {{IPAc-en|ˈ|s|ʌ|m|ər|l|æ|n|d}} (not {{IPAc-en|ˈ|s|ʌ|m|ər|l|ə|n|d}})
* [[Thames River (Ontario)|Thames River]] in [[Ontario]] – {{IPAc-en|ˈ|t|ɛ|m|z}}{{#tag:ref|The [[Thames River (Connecticut)|Thames River]] in [[Connecticut]] is intuitive: {{IPAc-en|ˈ|θ|eɪ|m|z}}.|group= n}}
* [[The Pas, Manitoba]] – {{IPAc-en|ð|ə|ˈ|p|ɑː}} <!-- makes sense in French but not in English, particularly since it's from "Paskoyac" and ultimately from the name of the Opaskwayak Cree Nation, which presumably has a pronounced /s/ -->
* [[Tsawwassen, British Columbia]] – {{IPAc-en|t|ə|ˈ|w|ɑː|s|ən}}
* Verdun Avenue, [[Verdun, Quebec]] – {{IPAc-en|ˈ|v|ɜːr|d|ən}} street in {{IPAc-en|v|ər|ˈ|d|ʌ|n}}, Quebec 
* [[Vaughan, Ontario]] -  /ˈvɔːn/
* [[Waskatenau]], Alberta – {{IPAc-en|w|ə|ˈ|s|ɛ|t|n|ə}}

==Place names in Australia==
* [[Albany, Western Australia]] - {{IPAc-en|ˈ|æ|l|b|ən|i}}{{#tag:ref|cf. influential [[Duke of Albany]] and [[Albany, New York]]|group= n}}
* [[Barcaldine, Queensland]] - {{IPAc-en|b|ɑːr|ˈ|k|ɔː|l|d|ᵻ|n}} or {{IPAc-en|b|ɑː|ˈ|k|ɔː|l|d|ᵻ|n}}, not {{IPAc-en|ˈ|b|ɑːr|k|əl|d|aɪ|n}}
* [[Boroondara]] - {{IPAc-en|ˌ|b|ʊr|ən|ˈ|d|ær|ə}} (technically a mispronunciation, but most common) or {{IPAc-en|ˌ|b|ɔːr|ən|ˈ|d|ær|ə}}
* [[Brisbane|Brisbane, Queensland]] – {{IPAc-en|ˈ|b|r|ɪ|z|b|ən}}{{#tag:ref|Cf [[Brisbane, California]], which is {{IPAc-en|ˈ|b|r|ɪ|z|b|eɪ|n}}|group= n}}
* [[Cairns|Cairns, Queensland]] - {{IPAc-en|ˈ|k|æ|n|z}}
* [[Canberra|Canberra, Australian Capital Territory]] - {{IPAc-en|ˈ|k|æ|n|b|ər|ə}} {{#tag:ref|Canberra as {{IPAc-en|k|æ|n|ˈ|b|ɛr|ə}} is rare and deprecated|group= n}}
* [[Canowindra|Canowindra, New South Wales]] - {{IPAc-en|k|ə|ˈ|n|aʊ|n|d|r|ə}}
* [[City of Cockburn]] and [[Cockburn, South Australia]] – {{IPAc-en|ˈ|k|oʊ|b|ɜːr|n}}{{#tag:ref|Same as the surname.|group= n}}
* [[Darebin City|Darebin, Victoria]] - {{IPAc-en|ˈ|d|æ|r|ə|b|ɪ|n}}
* [[Dunedoo, New South Wales]] - {{IPAc-en|ˌ|d|ʌ|n|i|ˈ|d|uː}}
* [[Fairbairn, Canberra]], Australian Capital Territory - {{IPAc-en|ˈ|f|ɛər|b|ɜr|n}}
* [[Forster, New South Wales]] - {{IPAc-en|ˈ|f|ɒ|s|t|ə}}
* [[Gladstone, Queensland]] - {{IPAc-en|ˈ|ɡ|l|æ|d|s|t|ən}}
* [[Gumeracha, South Australia]] - {{IPAc-en|ˌ|ɡ|ʌ|m|ə|ˈ|r|æ|k|ə}}
* [[Goondiwindi, Queensland]] - {{IPAc-en|ˌ|ɡ|ʌ|n|d|ə|ˈ|w|ɪ|n|d|i}}
* [[Indooroopilly, Queensland]] - {{IPAc-en|ˌ|ɪ|n|d|r|ə|ˈ|p|ɪ|l|i}}
* [[Lalor, Victoria]] - {{IPAc-en|ˈ|l|ɔː|l|ər}}, {{IPA-endia|ˈloːlə|locally}}
* [[Launceston, Tasmania]] - {{IPAc-en|ˈ|l|ɒ|n|s|ə|s|t|ən}}
* [[Mackay, Queensland]] - {{IPAc-en|m|ə|ˈ|k|aɪ}}{{#tag:ref|When spoken in the clipped way, the same as original Scottish surname McKay.|group= n}}
* [[Mandurah|Mandurah, Western Australia]] - {{IPAc-en|ˈ|m|æ|n|dʒ|ər|ə}}
* [[Mandurama, New South Wales]] - {{IPAc-en|m|æ|n|'|dʒ|u:|r|ə|m|ə}} i.e. not like [[Cinerama]]
* [[Manuka, Australian Capital Territory]] - {{IPAc-en|ˈ|m|ɑː|n|ə|k|ə}}
* [[Melbourne|Melbourne, Victoria]] – {{IPAc-en|ˈ|m|ɛ|l|b|ər|n}}
* [[Michelago, New South Wales]] - {{IPAc-en|ˌ|m|ɪ|k|ə|ˈ|l|eɪ|ɡ|oʊ}}
* [[Mukinbudin, Western Australia]] - {{IPAc-en|ˈ|m|ʌ|k|ən|ˌ|b|uː|d|ən}}
* [[Mount Kosciuszko]] - {{IPAc-en|k|ɒ|z|i|ˈ|ɒ|s|k|oʊ}} most common in [[Australian English]]{{#tag:ref|Polish-derived pronunciation {{IPAc-en|k|ɒ|ˈ|ʃ|ʊ|ʃ|k|oʊ}} is sometimes used for the Australian example.|group= n}}
<!--* [[Ravenshoe, Queensland|Ravenshoe, Queensland, Australia]] - {{IPAc-en|r|eɪ|v|ən|z|h|oʊ}}, not {{IPAc-en|r|eɪ|v|ən|(|z|)|ʃ|uː}} Like tens of English place names and would certainly be 2nd direct interpretation-->
* [[Mudgeeraba, Queensland]] - {{IPAc-en|ˌ|m|ʌ|dʒ|ᵻ|ˈ|r|ɑː|b|ə}}
* [[Prahran, Victoria]] - {{IPAc-en|p|r|æ|n}} or {{IPAc-en|p|ə|ˈ|r|æ|n}}<ref>{{Cite web|url=http://www.heraldsun.com.au/leader/news/reservore-or-reservwah-praan-or-peran-there-are-many-different-ways-melburnians-pronounce-place-names-but-which-is-right/news-story/52eab39d3736034ac3886ac6f4239bfb|title=ReserVORE or ReservWAH? Praan or Peran? There are many different ways Melburnians pronounce place names — but which is right?|last=|first=|date=|website=|archive-url=|archive-date=|dead-url=|access-date=}}</ref>
* [[South Kolan, Queensland]] - {{IPAc-en|ˈ|k|oʊ|l|æ|n}}, not {{IPAc-en|ˈ|k|oʊ|l|ə|n}}
* [[Strahan, Tasmania]] - {{IPAc-en|ˈ|s|t|r|ɔː|n}}
* [[Tallangatta, Victoria]] - {{IPAc-en|t|ə|ˈ|l|æ|ŋ|ɡ|ə|t|ə}}
* [[Tiaro, Queensland]] - {{IPAc-en|ˈ|t|aɪ|r|oʊ}}
* [[Wagga Wagga, New South Wales]] - {{IPAc-en|ˈ|w|ɒ|ɡ|ə|ˌ|w|ɒ|ɡ|ə}}
* [[Wangi Wangi, New South Wales]] - {{IPAc-en|ˈ|w|ɒ|n|dʒ|i|ˌ|w|ɒ|n|dʒ|i}}
* [[Woonona, New South Wales]] - {{IPAc-en|w|ə|ˈ|n|uː|n|ə}}

==Place names in New Zealand==
* [[Blenheim, New Zealand|Blenheim]] – {{IPAc-en|ˈ|b|l|ɛ|n|ə|m}}
* [[Bryndwr]] – {{IPAc-en|ˈ|b|r|ɪ|n|d|w|ər}}
* [[Charleston, New Zealand|Charleston]] – {{IPAc-en|ˈ|tʃ|ɑːr|l|ə|s|t|ən}}
* [[Dunedin]] – {{IPAc-en|d|ə|ˈ|n|iː|d|ən}}
* [[Gisborne, New Zealand|Gisborne]] – {{IPAc-en|ˈ|ɡ|ɪ|z|b|ər|n}}
* [[Greymouth]] – {{IPAc-en|ˈ|ɡ|r|eɪ|m|aʊ|θ}} (not {{IPAc-en|ˈ|ɡ|r|eɪ|m|ə|θ}})
* [[Kurow]] – {{IPAc-en|ˈ|k|uː|r|aʊ}}
* [[Levin, New Zealand|Levin]] – {{IPAc-en|l|ə|ˈ|v|ɪ|n}}
* [[Northcote, New Zealand|Northcote]] – {{IPAc-en|ˈ|n|ɔːr|θ|k|ə|t}}
* [[Point Chevalier]] – {{IPAc-en|ˈ|p|ɔɪ|n|tʃ|ɛ|v|ə|ˈ|l|ɪər}}
* [[Thames, New Zealand|Thames]] and the [[Firth of Thames]] in [[New Zealand]] – {{IPAc-en|ˈ|t|ɛ|m|z}}

==Place names in other English-speaking countries==
* [[Pago Pago, American Samoa]] – {{IPAc-en|ˈ|p|ɑː|ŋ|ɡ|oʊ|_|ˈ|p|ɑː|ŋ|ɡ|oʊ}}
* [[Pointe-à-Pierre]], [[Trinidad and Tobago]] – {{IPAc-en|ˌ|p|ɔɪ|n|t|ə|ˈ|p|ɪər}} 
* [[Sandys Parish, Bermuda]] – {{IPAc-en|ˈ|s|æ|n|d|s}}

==Given names==
* [[Antawn Jamison]] – {{IPAc-en|ˈ|æ|n|t|w|ɑː|n}} (or per French: Antoine) {{#tag:ref|American English pronunciation of “Antoine" see the [[Antawn Jamison#Name|section on his name]].|group= n}}<!-- It would not be surprising if thousands of Americans, Caribbeans and Canadians now Antawn, or instead say Antoine in this way - statistics needed and further citation of latter as speculation;  also it's spelled counterintuitively because people took a misspelling and ran with it.-->
* '''[[Anthony (given name)|Anthony]]''' - UK {{IPAc-en|'|æ|n|t|ə|n|iː}}, US/Aus {{IPAc-en|'|æ|n|θ|ə|n|iː}}
<!-- * '''[[Caleb]]''' – {{IPAc-en|ˈ|k|eɪ|l|ᵻ|b}} Counterintuitive? -->
* '''[[Chloe]]''' (standard, non-French variant) or Chloë {{IPAc-en|k|l|oʊ|iː}}
* Chynna, e.g. [[Chynna Phillips]] – {{IPAc-en|ˈ|tʃ|aɪ|n|ə}} 
* '''[[Geoffrey (given name)|Geoffrey]]''' – {{IPAc-en|'|dʒ|ɛ|f|r|iː}}
* '''[[Frida (given name)|Freda]]''' - {{IPAc-en|ˈ|f|r|iː|d|ə}} (historically Frida and Wilfrida)
* '''[[Hermione (given name)|Hermione]]''' - {{IPAc-en|h|ɜːr|ˈ|m|aɪ|ə|ˌ|n|iː}}{{refn|{{Dictionary.com|accessdate=2016-01-22|Hermione}}}}
* '''[[Hugh (given name)|Hugh]]''' - {{IPAc-en|ˈ|h|j|uː}}
* '''[[Isaac]]''' - {{IPAc-en|'|aɪ|z|ə|k}} <!-- rarely pronounced Izak, citation for which needed--> 
* '''[[Isla (given name)|Isla]]''' {{IPAc-en|'|aɪ|l|ə}} 
* '''[[John (given name)|John]]''' {{IPAc-en|dʒ|ɒ|n}}
* [[Kiki Cuyler]] – {{IPAc-en|ˈ|k|aɪ|k|aɪ}}; cf. the more common {{IPAc-en|ˈ|k|iː|k|iː}} as in [[Kiki Dee]] and [[Kiki Vandeweghe]]
* [[Liza Minnelli]] – {{IPAc-en|ˈ|l|aɪ|z|ə}}; cf. the more common {{IPAc-en|ˈ|l|iː|z|ə}} 
* '''[[Magdalene (given name)|Magdalen(e)]]''' (as in [[Magdalen College, Oxford]] and [[Magdalene College, Cambridge]]) – {{IPAc-en|ˈ|m|ɔː|d|l|ᵻ|n}}<!-- very rare since the 17th century, more commonly spelt and said Madeleine, due to negative homophone with [[wikt:Maudlin]] -->
* '''[[Malachi]]''' - {{IPAc-en|audio=En-us-Malachi.ogg|'|m|æ|l|ə|k|aɪ}} 
* '''[[Malcolm (given name)|Malcolm]]''' - {{IPAc-en|'|m|æ|l|k|əm}} 
* [[MaliVai Washington]] – {{IPAc-en|'|m|æ|l|ə|ˌ|v|iː|ə}} 
* [[Matraca Berg]] – {{IPAc-en|m|ə|ˈ|t|r|eɪ|s|ə}} 
* '''[[Michael]]''' – {{IPAc-en|'|m|aɪ|k|əl}} <!-- rarely pronounced Mitchell, save historically--> 
* [[Michellie Jones]] – {{IPAc-en|m|ᵻ|ˈ|k|iː|l|i}}
* [[Monta Ellis]] – {{IPAc-en|ˈ|m|ɒ|n|t|eɪ}}
* [[Morgause]] – {{IPAc-en|m|ɔːr|ˈ|ɡ|eɪ|z}}
* '''[[Naomi (given name)|Naomi]]''' or Näomi - UK {{IPAc-en|'|n|aɪ|oʊ|m|i}}, US{{IPAc-en|n|eɪ|'|oʊ|m|i}}
* '''[[Ngaire (disambiguation)|Ngaire]]''' - {{IPAc-en|ˈ|n|aɪ|r|iː}}
* '''[[Penelope (given name)|Penelope]]''' - {{IPAc-en|p|ə|ˈ|n|ɛ|l|ə|p|i}}{{refn|{{MerriamWebsterDictionary|accessdate=2016-01-22|Penelope}}}}{{refn|{{OxfordDictionaries.com|accessdate=2016-01-22|Penelope}}}} 
* '''[[Phoebe (given name)|Phoebe]]''' - {{IPAc-en|ˈ|f|iː|b|iː}} <!-- oe is here counterintuitive--> 
* '''[[Ralph (name)|Ralph]]''' – traditionally {{IPAc-en|ˈ|r|eɪ|f}}, as with [[Ralph Fiennes]], [[Ralph Vaughan Williams]]; now usually the intuitive {{IPAc-en|ˈ|r|æ|l|f}}
* Rise – occasionally {{IPAc-en|ˈ|r|iː|s|ə}}, after [[Risë Stevens]]: the [[diaeresis (diacritic)|diaeresis]] over the e of ''Risë'' indicates that it is not a [[silent e]]
<!-- * [[Sonny (disambiguation)|Sonny]]  – {{IPAc-en|ˈ|s|ʌ|n|i}} Counterintuitive? "Little son" -->
* '''[[Stephen]]''' – usually {{IPAc-en|ˈ|s|t|iː|v|ən}}, sometimes {{IPAc-en|ˈ|s|t|ɛ|f|ən}} as spelled (e.g. [[Stephen Curry]])
* '''[[Theresa]]''' - {{IPAc-en|t|ə|ˈ|r|iː|z|ə}}, U.S. {{IPAc-en|t|ə|ˈ|r|iː|s|ə}} 
* '''[[Thomas (name)|Thomas]]''' - {{IPAc-en|'|t|ɒ|m|ə|s}}
* '''[[Vaughan (surname)|Vaughan]]''' and '''[[Vaughan (surname)|Vaughn]]''' (found as both given names and surnames) - {{IPAc-en|'|v|ɔː|n}}
<!-- * [[Winona Ryder]] – /wɪˈnəʊnə/ Counterintuitive? -->
* [[Wynonna Judd]] – {{IPAc-en|w|aɪ|ˈ|n|oʊ|n|ə}} <!-- Accepted due to widespread name Winona and this being a variation..-->
* '''[[Zachary]]''' - {{IPAc-en|ˈ|z|æ|k|ə|r|i}}
* '''[[Zoe (name)|Zoe]]''' or Zoë - {{IPAc-en|z|oʊ|iː}}
Emboldened names are traditional so while not intuitive, are among the most well-used.

===Most commonly used of Irish and Welsh origin ===
* Dafydd – {{IPAc-en|'|d|æ|v|ɪ|ð}}
* Dylan – {{IPAc-en|ˈ|d|ɪ|l|ə|n}}
* Eithne – {{IPAc-en|ˈ|ɛ|n|j|ə}}
* Niall – {{IPAc-en|ˈ|n|aɪ|ə|l}} also {{IPAc-en|ˈ|n|iː|ə|l}}
* [[Niamh]] – {{IPAc-en|ˈ|n|iː|v}} or {{IPA-ga|ˈniː.əv|lang}}
* Rees/Rhys – {{IPAc-en|ˈ|r|iː|s}}
* Seamus – {{IPAc-en|ˈ|ʃ|eɪ|m|ə|s}} (spelling ''Séamas'' is regular in [[Irish language|Irish]])
* Sean – {{IPAc-en|ˈ|ʃ|ɔː|n}} (spelling ''Seán'' is regular in [[Irish language|Irish]])
* Sian/Siân – {{IPAc-en|ˈ|ʃ|ɑː|n}} 
* Siobhan – {{IPAc-en|ʃ|ᵻ|ˈ|v|ɔː|n}}; spelling ''Siobhán'' is regular in [[Irish language|Irish]]

==Surnames==

===A–B===
* [[Duke of Abercorn]] – {{IPAc-en|ˈ|æ|v|ər|k|ɔːr|n}}
* [[David Acer]] – {{IPAc-en|ˈ|æ|k|ər}}
* [[Peter Agre]] – {{IPAc-en|ˈ|ɑː|ɡ|r|eɪ}}<ref>{{cite web|url=http://www.echofoundation.org/Past%20Projects%20II/Peter%20Agre/Biography.htm |title=Voices Against Indifference Initiative |publisher=Echofoundation.org |date= |accessdate=2012-10-09}}</ref>
* Ameche ([[Don Ameche|Don]], [[Jim Ameche|Jim]] & [[Alan Ameche|Alan]]) – {{IPAc-en|ə|ˈ|m|iː|tʃ|iː}} (Anglicized spelling of the Italian name "Amici")
* Aucoin – various {{#tag:ref|{{IPAc-en|oʊ|ˈ|k|w|æ|n}} (e.g. [[Kevyn Aucoin]]), {{IPAc-en|oʊ|ˈ|k|w|iː|n}}, {{IPAc-en|oʊ|ˈ|k|ɔɪ|n}} (e.g. [[Bill Aucoin]]), to {{IPAc-en|ˈ|ɔː|k|ɔɪ|n}}|group= n}}
* Ayscough (e.g. [[Isaac Newton#Early life|Hannah Ayscough]]) – {{IPAc-en|ə|ˈ|s|k|j|uː}}
* [[Baden-Powell]] – {{IPAc-en|ˈ|b|eɪ|d|ən|_|ˈ|p|oʊ|ə|l}} "Baden as in maiden; Powell as in Noel"
* [[Walter Bagehot|Bagehot]] – {{IPAc-en|ˈ|b|æ|dʒ|ə|t}}
* [[Jim Bakker]] – {{IPAc-en|ˈ|b|eɪ|k|ər}}
* [[Earl Beauchamp|Beauchamp]] – {{IPAc-en|ˈ|b|iː|tʃ|ə|m}}
* [[Topham Beauclerk|Beauclerk]] – {{IPAc-en|b|oʊ|ˈ|k|l|ɛər}} <!-- Perhaps just fine for a French name. Though "clerk" doesn't look French at all -->
* [[Berkeley family|Berkeley]] (UK surname) – {{IPAc-en|ˈ|b|ɑːr|k|l|i}} (see UK places). Surname in the US {{IPAc-en|ˈ|b|ɜːr|k|l|i}} (also US place).
* [[John Betjeman|Betjeman]] - {{IPAc-en|ˈ|b|ɛ||tʃ|ə|m|ə|n}}
* Blount (e.g. [[Mel Blount]], [[Roy Blount, Jr.]]) – {{IPAc-en|ˈ|b|l|ʌ|n|t}}
* [[John Boehner]] – {{IPAc-en|ˈ|b|eɪ|n|ər}}
* [[Humphrey I de Bohun|Bohun]] – {{IPAc-en|ˈ|b|uː|n}}<!-- "hence intuitive Boone"  (not sure what that means)-->
* [[Roger Boisjoly]] – {{IPAc-en|b|oʊ|ʒ|ə|ˈ|l|eɪ}}
* [[Boulware]] intuitive or {{IPAc-en|ˈ|b|oʊ|l|ər}}{{#tag:ref|Generally in Virginia|group= n}}
* [[John Boozman]] – {{IPAc-en|ˈ|b|oʊ|z|m|ə|n}}
* [[K. C. Boutiette]] – {{IPAc-en|ˈ|b|uː|t|i|eɪ}}
* [[David Bowie]] – {{IPAc-en|ˈ|b|oʊ|i}}
* [[Eli Broad]] – {{IPAc-en|b|r|oʊ|d}}
* [[Duke of Buccleuch]] – {{IPAc-en|b|ə|ˈ|k|l|uː}}
* [[Steve Buyer|Buyer]] – {{IPAc-en|ˈ|b|uː|j|ər}} or intuitively

===C===
* [[Cadogan (surname)|Cadogan]] {{IPAc-en|k|ə|'|d|ʌ|g|ən}}
* [[John Caius]] (as in [[Gonville and Caius College, Cambridge]]) – {{IPAc-en|ˈ|k|iː|z}}
* [[Isaiah Canaan]] – {{IPAc-en|ˈ|k|æ|n|ə|n}} (as in the American English pronunciation of "cannon") — compare with the common AmE pronunciation of {{IPAc-en|ˈ|k|eɪ|n|ə|n}} for the [[Canaan|land of Canaan]] cf. West Virginia's.
* [[Thomas Carew]], poet – {{IPAc-en|ˈ|k|ɛr|iː}}; compare with the more intuitive {{IPAc-en|k|ə|ˈ|r|uː}}, as in [[Rod Carew]]
* [[Jason Chaffetz]] – {{IPA|/ˈtʃeɪfɨts/}}
* [[Craig Chaquico]] – {{IPA|/tʃəˈkiːsoʊ/}}
* Cheney (as in [[Mamah Cheney]]) – {{IPAc-en|ˈ|m|eɪ|m|ə|_|ˈ|tʃ|eɪ|n|i}}
* Cheves (var. as in [[Langdon Cheves]]) – {{IPAc-en|ˈ|tʃ|ɪ|v|ᵻ|s}}
* [[Chisholm (surname)|Chisholm]] - {{IPAc-en|ˈ|tʃ|ɪ|z|əm}}
* [[Cholmondeley (surname)|Cholmondeley]] –  {{IPAc-en|ˈ|tʃ|ʌ|m|l|i}}
* [[Cecelia Cichan]]  –  {{IPAc-en|ˈ|ʃ|iː|h|ə|n}} <!--Very rare, can this be considered English/Is it a strongly Anglicised form of foreign surname?-->
* [[Cockburn (surname)|Cockburn]] – {{IPAc-en|ˈ|k|oʊ|b|ər|n}}
* [[Edward Coke|Coke]] – {{IPAc-en|ˈ|k|ʊ|k}} - like Wodehouse, mostly family has changed to intuitive Cook.
* Colcolough (Virginia, e.g. [[Tom Colcolough]]) – {{IPAc-en|ˈ|k|oʊ|k|l|i}} or {{IPAc-en|ˈ|k|ɒ|k|l|i}}
* [[Colquhoun]] – {{IPAc-en|k|ə|ˈ|h|uː|n}} (as per place)
* [[Aaron Copland]] –  {{IPAc-en|ˈ|k|oʊ|p|l|ə|n|d}}{{#tag:ref|Variant of [[Copeland (surname)]]|group= n}}
* [[Dan Cortese]] –  {{IPAc-en|k|ɔːr|ˈ|t|ɛ|z}}
* [[Cowper (surname)|Cowper]] –  {{IPAc-en|ˈ|k|uː|p|ər}} or {{IPAc-en|ˈ|k|aʊ|p|ər}}
<!-- * [[Paula Creamer]] – {{IPAc-en|ˈ|k|r|eɪ|m|ər}} Apparently a widespread misconception; it's just {{IPAc-en|ˈ|k|r|iː|m|ər}} http://www.golfdigest.co.za/features/details/index.php?feat=47 -->
* [[Clan Crichton|Crichton]] – {{IPAc-en|ˈ|k|r|aɪ|t|ən}}
* [[Robert Cruwys|Cruwys]] (e.g. [[Margaret Cruwys]]) – {{IPAc-en|ˈ|k|r|uː|z}}
* Cuyjet – {{IPAc-en|s|uː|ˈ|ʒ|eɪ}}

===D–E===
* [[Vernon Dahmer]] —{{IPAc-en|ˈ|d|eɪ|m|ər}}
* [[Tam Dalyell|Dalyell]] and Dalziel (as in the UK television series ''[[Dalziel and Pascoe (BBC TV series)|Dalziel and Pascoe]]'') – {{IPAc-en|d|i|ˈ|ɛ|l}}
* Davies – {{IPAc-en|ˈ|d|eɪ|v|ᵻ|s}} or intuitively {{IPAc-en|ˈ|d|eɪ|v|iː|z}}
* Death -as a single syllable {{IPAc-en|ˈ|d|iː|θ}}.  As two syllables, {{IPAc-en|d|i|ˈ|ɑː|t}} sometimes De'ath.
* [[Cara Delevingne]] — {{IPAc-en|d|ɛ|l|ə|ˈ|v|iː|n}}
* DeLaughter, e.g. [[Tim DeLaughter]] —{{IPAc-en|d|ᵻ|ˈ|l|ɔː|t|ər}}
* [[Devereux]] and [[Ed Devereaux|Devereaux]] —{{IPAc-en|ˈ|d|ɛ|v|ər|uː|k|s}} or {{IPAc-en|ˈ|d|ɛ|v|ər|oʊ}}
<!-- * Diuguid —{{IPAc-en|ˈ|d|uː|ɡ|ᵻ|d}} too rare for this list.  How common? -->
* [[John Donne]], poet – {{IPAc-en|d|ʌ|n}}
* [[Andre Dubus]] —{{IPAc-en|d|ə|ˈ|b|j|uː|s}}
* [[Justin Duchscherer]] —{{IPAc-en|ˈ|d|uː|k|ʃ|ər}}
* [[Keir Dullea]] —{{IPAc-en|d|ə|ˈ|l|eɪ}}
* Dyches – {{IPAc-en|ˈ|d|aɪ|k|s}}
* Eames (e.g. [[Emma Eames]]) – properly (?) {{IPAc-en|ˈ|eɪ|m|z}}, though often {{IPAc-en|iː|m|z}}
* Ehle (Jennifer; John) – {{IPAc-en|ˈ|iː|l|i}} 
* [[Cary Elwes]] – {{IPAc-en|ˈ|ɛ|l|w|eɪ|z}}
* Enroughty (S. Carolina) – {{IPAc-en|ˈ|d|ɑːr|b|i}}<ref>{{cite book| author = Elsdon Coles Smith| title = American Surnames| url = https://books.google.com/books?id=OfHBWBK1wQQC&pg=PA296| date = 1986-05-01| publisher = Genealogical Publishing Com| isbn = 978-0-8063-1150-0| page = 296 /}}</ref>

===F–H===
* [[Peter Faneuil|Faneuil]] – {{IPAc-en|ˈ|f|æ|n|j|ə|l}} <ref name=wells/>
* [[Ron Faucheux]] and [[Robert Faucheux]] – {{IPAc-en|f|oʊ|ˈ|ʃ|eɪ}}
* [[Brett Favre]] – {{IPAc-en|ˈ|f|ɑːr|v}}
* [[Fetherstonhaugh]] or [[George William Featherstonhaugh|Featherstonhaugh]] – {{IPAc-en|ˈ|f|æ|n|ʃ|ɔː}}; variants {{IPAc-en|ˈ|f|ɛ|s|t|ən|h|ɔː}}, {{IPAc-en|ˈ|f|iː|s|ən|h|eɪ}}, {{IPAc-en|ˈ|f|ɪər|s|t|ən|h|ɔː}}, or as {{IPAc-en|ˈ|f|ɛ|ð|ər|s|t|ən|h|ɔː}} <ref name=wells>{{cite book| author = Wells, John C.| authorlink = John C. Wells| title = Longman Pronunciation Dictionary| year = 2000| publisher = 2nd ed. [[Longman]]| isbn = 0-582-36468-X }}</ref>
* [[Ronald Fedkiw]] – {{IPAc-en|ˈ|f|ɛ|d|k|oʊ}}
* [[Fiennes]] family – {{IPAc-en|ˈ|f|aɪ|n|z}} <ref name=wells/>
* [[William Foege]] – {{IPAc-en|ˈ|f|eɪ|ɡ|i}}
<!-- * Fotheringay – {{IPAc-en|ˈ|f|ʌ|ŋ|ɡ|i}} This refers to a fictional character Cyril "Barmy" Fotheringay-Phipps (pronounced "Funghy Fipps") invented by Wodehouse -->
* [[William Froude]], [[James Anthony Froude]] – {{IPAc-en|ˈ|f|r|uː|d}} <ref name=wells/>
* [[Jim Fuchs]] – {{IPAc-en|ˈ|f|j|uː|ʃ}} <ref>Douglas Martin, [https://www.nytimes.com/2010/10/19/sports/19fuchs.html James E. Fuchs, Innovator in the Shot-Put, Dies at 82], New York Times, October 18, 2010</ref>
* [[Robert Fulghum]] – {{IPAc-en|ˈ|f|ʊ|l|dʒ|ə|m}}
* [[Clifford Geertz]] – {{IPAc-en|ˈ|ɡ|ɜːr|t|s}}
* [[Geogehan]], [[Geoghegan]] – {{IPAc-en|ˈ|ɡ|eɪ|ɡ|ən}} or {{IPAc-en|g|ɪ|ˈ|h|eɪ|ɡ|ən}} <ref name=wells/>
* [[Gieves & Hawkes]] - {{IPAc-en|ˈ|ɡ|iː|v|z}}, not {{IPAc-en|ˈ|dʒ|iː|v|z}} (as in Jeeves) - Military officer's outfitters.
<!--* [[Louise Glück]] – {{IPAc-en|ˈ|ɡ|l|ɪ|k}} Not English -->
* [[Donald Glut]] – {{IPAc-en|ˈ|ɡ|l|uː|t}}
* [[Lee Godie]] – {{IPAc-en|ˈ|ɡ|oʊ|d|eɪ}}
<!-- * [[William Goodenough|Goodenough]] – usually {{IPAc-en|ˈ|ɡ|uː|d|ə|n|oʊ}}? Cannot find evidence it isn't usually pronounced good-enough-->
* [[Elizabeth Goudge]] – {{IPAc-en|ˈ|ɡ|uː|dʒ}} <ref name=wells/> or {{IPAc-en|ˈ|ɡ|uː|ʒ}}? <ref>[https://www.loc.gov/nls/about/organization/standards-guidelines/efgh/#g National Library Service]</ref><!--  I think {{IPAc-en|ˈ|ɡ|uː|ʒ}} is a mistake by the NLS--> 
* [[Greenhalgh]] – {{IPAc-en|ˈ|ɡ|r|iː|n|h|æ|l|ʃ|,_|-|h|ɒ|l|ʃ|,_|-|h|æ|l|dʒ|,_|-|h|ɔː|l|}} <ref name=wells/>
* [[Matt Groening]] – {{IPAc-en|ˈ|ɡ|r|eɪ|n|ɪ|ŋ}}
* [[Grosvenor (surname)|Grosvenor]] – {{IPAc-en|ˈ|ɡ|r|oʊ|v|n|ər}} <ref name=wells/> or {{IPAc-en|ˈ|ɡ|r|oʊ|v|ə|n|ʊər}} 
* Guild, e.g. [[Nancy Guild]] – {{IPAc-en|ˈ|ɡ|aɪ|l|d}}
* [[Earl of Harewood]] – {{IPAc-en|ˈ|h|ɑːr|w|ʊ|d}} <ref name=wells/>
* [[Earl of Home]] – {{IPAc-en|ˈ|h|j|uː|m}} (rhymes with fume) <ref name=wells/>
* [[Benjamin Huger (1805-1877)|Benjamin Huger]] – {{IPAc-en|ˈ|uː|dʒ|i}} or {{IPAc-en|ˈ|uː|dʒ|eɪ}}
* [[William Hulme]] – {{IPAc-en|ˈ|h|j|uː|m}} <ref name=wells/> (same as the [[Earl of Home]] and [[Bishop of Hulme|the Bishops]])

===I–L===
* [[David Icke]] – {{IPAc-en|ˈ|aɪ|k}}
* [[Andrew P. Iosue]] – {{IPAc-en|ˈ|ɒ|z|w|eɪ}}<ref>{{cite web|url=http://www.af.mil/information/bios/bio.asp?bioID=5907 |title=Biographies : GENERAL ANDREW P. IOSUE |publisher=Af.mil |date= |accessdate=2012-10-09 |archiveurl=https://archive.is/20120805092358/http://www.af.mil/information/bios/bio.asp?bioID=5907 |archivedate=2012-08-05 |deadurl=yes |df= }}</ref>
* [[Isley Brothers]] – {{IPAc-en|ˈ|aɪ|z|l|iː}} 
* [[Darrell Issa]] – {{IPAc-en|ˈ|aɪ|z|ə}}
* Jacques – sometimes (e.g. [[Brian Jacques]], [[Hattie Jacques]]) {{IPAc-en|ˈ|dʒ|eɪ|k|s}}
* [[Hamilton Jordan]], [[Ralph Jordan|Ralph "Shug" Jordan]] – {{IPAc-en|ˈ|dʒ|ɜːr|d|ən}}
* [[Rob Kearney]] – (pronounced 'Carney')
* [[John Keble]] (of [[Keble College]]) – {{IPAc-en|ˈ|k|iː|b|əl}}
* Kehoe, Keogh (Irish surname) – {{IPAc-en|ˈ|k|j|oʊ}}
* [[Kerr (surname)|Kerr]]
** Original Scottish: Clan {{IPA|[keɾ]}} (e.g., [[Graham Kerr]], the "Galloping Gourmet")
** American English: Often {{IPAc-en|ˈ|k|ɜr}}, as in [[Steve Kerr]]
** In the cases of [[Deborah Kerr]], [[John H. Kerr]], and the dam and lake named for the latter, {{IPAc-en|ˈ|k|ɑːr}} "car"
* Keynes, e.g. [[John Maynard Keynes]] – {{IPAc-en|ˈ|k|eɪ|n|z}}
* [[Karch Kiraly]] – {{IPAc-en|k|ɪ|ˈ|r|aɪ}} (approximating the pronunciation in Hungarian, his father's native language)
* [[Stephen Kleene]] – {{IPAc-en|ˈ|k|l|eɪ|n|iː}} <!-- source: private correspondence with his son, Ken Kleene, with and his colleague H.J. Keisler -->
* [[Shia LaBeouf]] – {{IPAc-en|ˈ|ʃ|aɪ|ə|_|l|ə|ˈ|b|ʌ|f}} 
* [[Landrieu family|Landrieu]] – {{IPAc-en|ˈ|l|æ|n|d|r|uː}}
* [[Francis Ramsey Lalor|Lalor]] – {{IPAc-en|ˈ|l|ɔː|l|ər}}
* [[Lange (surname)|Lange]] – usually {{IPAc-en|ˈ|l|æ|ŋ}}
** [[David Lange]] – {{IPAc-en|ˈ|l|ɒ|ŋ|i}}
* Lascelles (e.g. [[Alan Lascelles]]) – {{IPAc-en|ˈ|l|æ|s|əl|s}}
* Lauren (Ralph) – {{IPAc-en|ˈ|l|ɒr|ən}}
* [[Hugh S. Legaré|Legaré]] – {{IPAc-en|l|ə|ˈ|ɡ|r|iː}}
* [[John Lescroart|Lescroart]] – {{IPAc-en|l|ɛ|s|ˈ|k|w|ɑː}}
* Leveson-Gower – {{IPAc-en|ˈ|l|uː|s|ən|_|ˈ|ɡ|ɔːr}}{{#tag:ref|Usually e.g. [[H. D. G. Leveson-Gower]], [[Granville George Leveson-Gower]]|group= n}}
* [[George Henry Lewes|Lewes]] – {{IPAc-en|ˈ|l|uː|ᵻ|s}}

===M===
* Machin (e.g. [[Arnold Machin]]) – {{IPAc-en|ˈ|m|eɪ|tʃ|ᵻ|n}}
* [[Clan Mackay|MacKay]] – in Scotland {{IPAc-en|m|ə|ˈ|k|aɪ}} elsewhere more often the anglicised {{IPAc-en|m|ə|ˈ|k|eɪ}}
** [[Clarence Mackay]] – {{IPAc-en|ˈ|m|æ|k|i}}
* [[MacLeod]], McLeod – {{IPAc-en|m|ə|ˈ|k|l|aʊ|d}}
* [[MacMahon]], McMahon – intuitively or {{IPAc-en|m|ə|k|ˈ|m|æ|n}} as in the [[McMahon family|McMahon wrestling family]] hence McMann
* [[Mainwaring]] – {{IPAc-en|ˈ|m|æ|n|ər|ɪ|ŋ}}
* [[Dan Majerle]] – {{IPAc-en|ˈ|m|ɑːr|l|i}}
* [[Johnny Manziel]] – {{IPAc-en|m|æ|n|ˈ|z|ɛ|l}}
* [[Robert Mapplethorpe]] – {{IPAc-en|ˈ|m|eɪ|p|əl|θ|ɔːr|p}}
* Marjoribanks – {{IPAc-en|ˈ|m|ɑːr|tʃ|b|æ|ŋ|k|s}} or {{IPAc-en|ˈ|m|ɑːr|ʃ|b|æ|ŋ|k|s}}
* [[John Churchill, 1st Duke of Marlborough|Marlborough]] – family name {{IPAc-en|ˈ|m|ɔːr|l|b|ər|ə}}, hence [[Marlboro (cigarette)|Marlboro]] variant {{IPAc-en|ˈ|m|ɑːr|l|b|ər|ə}}
* [[Somerset Maugham|Maugham]] – {{IPAc-en|ˈ|m|ɔː|m}}
* [[Marin Mazzie]] – {{IPAc-en|ˈ|m|eɪ|z|i}}
* McCaughey (e.g. the [[McCaughey septuplets]]) – {{IPAc-en|m|ə|ˈ|k|ɔɪ}} hence McCoy
* [[Geraldine McCaughrean]] – {{IPAc-en|m|ə|ˈ|k|ɔː|k|r|ən}}
* McGrath – In Ireland usually {{IPAc-en|m|ə|ˈ|ɡ|r|ɑː}}, though elsewhere often {{IPAc-en|m|ə|ˈ|ɡ|r|æ|θ}}
* [[Clan Maclean|McLean]], MacLean – {{IPAc-en|m|ə|ˈ|k|l|eɪ|n}},<ref>{{cite web|url=http://freepages.genealogy.rootsweb.com/~sooty/pronoun.html |title=Pronunciation Of Surnames |publisher=Freepages.genealogy.rootsweb.com |date= |accessdate=2012-10-09}}</ref><ref>{{cite web|url=http://dictionary.reference.com/browse/mclean |title=Mclean &#124; Define Mclean at Dictionary.com |publisher=Dictionary.reference.com |date= |accessdate=2012-10-09}}</ref><ref>{{cite news| url=https://www.usatoday.com/sports/hockey/shn/pronunc.htm | title=USA Today | date=4 February 2000 | accessdate=8 May 2010}}</ref> occasionally its anglicised equivalent {{IPAc-en|m|ə|ˈ|k|l|iː|n}} (rhymes with "clean")
* [[Meagher (surname)|Meagher]] – {{IPAc-en|ˈ|m|ɑːr}}, {{IPAc-en|ˈ|m|ɑː|h|ər}}
* [[David Mech]] – {{IPAc-en|ˈ|m|iː|tʃ}}
* Melancon (e.g. [[Charlie Melancon]]) – {{IPAc-en|m|ə|ˈ|l|ɔː|s|ɔː}}, {{IPAc-en|m|ə|ˈ|l|ɒ|n|s|ɒ|n}}
* [[Menzies]] – {{IPAc-en|ˈ|m|ɪ|ŋ|ᵻ|s}}
* [[Molyneux]] — {{IPAc-en|ˈ|m|ɒ|l|ɪ|nj|uː}}
* [[Robert Moog|Moog]] – {{IPAc-en|ˈ|m|oʊ|ɡ}}
* Moore - both like "moor" and like "more" (e.g. for [[Michael Moore]])
* Moragne (U.S.) – {{IPAc-en|m|ɒ|ˈ|r|eɪ|n|i}}
* [[Muir (surname)|Muir]] (e.g. [[Frank Muir]]) – {{IPAc-en|ˈ|m|j|ɔː}}
* [[Muirhead (disambiguation)|Muirhead]] – {{IPAc-en|ˈ|m|j|ɔː|h|ɛ|d}}

===N–Q===
* [[James Naughtie]] – {{IPAc-en|ˈ|n|ɔː|x|t|i}}
* [[Randy Neugebauer]]  – {{IPAc-en|ˈ|n|ɔː|ɡ|ə|b|aʊ|.|ər}}
* [[Bill Nighy]] – {{IPAc-en|ˈ|n|aɪ}}
* [[Laura Nyro]] – {{IPAc-en|ˈ|n|ɪər|oʊ}}
* [[Laurence Olivier|Olivier]] – {{IPAc-en|ɒ|ˈ|l|ɪ|v|i|eɪ}} {{#tag:ref|While generally keeping separate vowel sounds at the end (as though with a diaresis), 'er' in Olivier is never pronounced like Oliver|group= n}}<!-- French would’ve been /oli.vje/ -->
* Ouzts – {{IPAc-en|ˈ|uː|t|s}}
* [[Annastacia Palaszczuk]] – {{IPAc-en|ˈ|p|æ|l|ə|ʃ|eɪ}}
* [[Peirce]] {{IPAc-en|p|ɪər|s}} or {{IPAc-en|ˈ|p|ɜːr|s}} e.g. [[Charles Sanders Peirce]], [[Benjamin Peirce]], [[Bill Peirce]], [[Lincoln Peirce]]<ref name=wells />
* [[Samuel Pepys]] – {{IPAc-en|ˈ|p|iː|p|s}}
* [[Baron Petre]] – {{IPAc-en|ˈ|p|iː|t|ər}}
* [[Franklin Pierce]] — {{IPAc-en|ˈ|p|ɜːr|s}}
* [[Lou Piniella]] – {{IPAc-en|p|ə|ˈ|n|ɛ|l|ə}}
* Pole-Carew (e.g. [[William Pole-Carew]]) – {{IPAc-en|p|uː|l|_|ˈ|k|ɛər|i}} <!--Pronunciation commonly historically spelled out "Pool-Carey" -->
* [[Cliff Politte]] – {{IPAc-en|p|ɒ|ˈ|l|iː|t}}
* Popo Agie Wilderness, Wyoming {{IPAc-en|ˌ|p|oʊ|p|oʊ|ˈ|ʒ|ɑː}}
* Pou (e.g. [[Edward W. Pou]]) – {{IPAc-en|ˈ|p|j|uː}}
* Powell - some families use Pow-ell as in towel; others rhyme it with Noel (the W is silent)
* Prioleau (e.g. [[Pierson Prioleau]]) – {{IPAc-en|ˈ|p|r|eɪ|l|oʊ}}
* Proulx (as in [[Marcel Proulx]] and [[E. Annie Proulx]]) – {{IPAc-en|ˈ|p|r|uː}}
* Quincy (as in [[John Quincy Adams]] and the town of [[Quincy, Massachusetts]]) - {{IPAc-en|ˈ|k|w|ɪ|n|z|iː}}; the eponymous character in [[Quincy, M.E.]] is {{IPAc-en|ˈ|k|w|ɪ|n|s|iː}}

===R===
* [[Sir Walter Raleigh|Raleigh]] (surname) – {{IPAc-en|ˈ|r|ɔː|l|i}}
* Rehm (e.g. [[Diane Rehm]]) – {{IPAc-en|ˈ|r|iː|m}}
* [[Pete Reiser]] – {{IPAc-en|ˈ|r|iː|s|ər}}
* [[Mary Renault]] – {{IPAc-en|ˈ|r|ɛ|n|oʊ|l|t}} <!--Probably not odd enough-->
* Reich (as in [[Steve Reich]]) – {{IPAc-en|r|aɪ|ʃ}}
* [[Reynolds (surname)|Reynolds]]  – {{IPAc-en|ˈ|r|ɛ|n|oʊ-|l|d|z}}
* [[Caroline Rhea|Rhea]] – {{IPAc-en|ˈ|r|eɪ}} or intuitively
* [[Rhys]] – {{IPAc-en|ˈ|r|iː|s}}
* [[Daniel Ricciardo]] - {{IPAc-en|r|ɪ|'|k|ɑ:|r|d|oʊ}}
* [[Lisa Rieffel]] – {{IPAc-en|r|ə|ˈ|f|ɛ|l}}
* Riordan (e.g. [[Richard Riordan]], [[Mike Riordan]]) –  often {{IPAc-en|ˈ|r|ɪər|d|ən}}
* [[Baron de Ros|Baron (de) Ros]] – {{IPAc-en|ˈ|r|uː|z}}
* [[Roosevelt family|Roosevelt]] – {{IPAc-en|ˈ|r|oʊ|z|ə|v|ɛ|l|t}}
* [[Klaus Roth]] – {{IPAc-en|ˈ|r|oʊ|θ}}
* [[Marge Roukema]] – {{IPAc-en|ˈ|r|ɒ|k|ə|m|ə}}
* Roy (e.g. [[Patrick Roy]]) - French pronunciation: [ʁwa]
* [[Kirk Rueter]] – {{IPAc-en|ˈ|r|iː|t|ər}}
* [[Ed Ruscha]] – {{IPAc-en|r|uː|ˈ|ʃ|eɪ}}

===S===
* [[St John (surname)|St John (first name and surname)]] – {{IPAc-en|ˈ|s|ɪ|n|dʒ|ən}} (as in [[Oliver St. John Gogarty]]); or {{IPAc-en|s|ɪ|n|ˈ|dʒ|ɒ|n}} or {{IPAc-en|s|aɪ|n|t|ˈ|dʒ|ɒ|n}} (as in [[Ian St. John]]). The former pronunciation can also be seen in [[Sinjin Smith]], whose birth name is Christopher St. John Smith.
* [[Salisbury]] - {{IPAc-en|ˈ|s|ɔː|l|z|b|ər|i|,_|ˈ|s|ɒ|l|z|-}}
* [[Sandys (surname)|Sandys]] (e.g. [[Duncan Sandys]]) – {{IPAc-en|s|æ|n|d|z}} (as in sands)
* [[Rachael Scdoris]] – {{IPAc-en|s|ə|ˈ|d|ɔːr|ɪ|s}} (the same as the Sedoris from which it developed)
* Schaffer, Shaffer – often {{IPAc-en|ˈ|ʃ|eɪ|f|ər}} rather than {{IPAc-en|ˈ|ʃ|æ|f|ər}}
* [[Mary Schiavo|Schiavo]] {{IPAc-en|s|k|i|ˈ|ɑː|v|oʊ}} (or in alike Italian form {{IPA-it|ˈskjaːvo|}})
** [[Terri Schiavo]] – {{IPAc-en|ˈ|ʃ|aɪ|v|oʊ}}
* [[Schlumberger]] – generally {{IPAc-en|ʃ|l|ʌ|m|b|ər|ˈ|ʒ|eɪ}}<!-- An Anglicized, Frenchified German name -->
* [[Patti Scialfa]] – {{IPAc-en|ˈ|s|k|æ|l|f|ə}} ({{IPA-it|ˈʃalfa|lang}})
* [[Scrope]] – {{IPAc-en|ˈ|s|k|r|uː|p}}
 <!-- * [[Steven Seagal]] – {{IPAc-en|s|ᵻ|ˈ|ɡ|ɑː|l}} both intuitive.  -->
* Seau – generally {{IPAc-en|ˈ|s|oʊ}} mirrors the French however [[Junior Seau]]  {{IPAc-en|ˈ|s|eɪ|aʊ}} as in the [[Samoan language|Samoan]]
* Seay  – sometimes ([[Seay]], [[Mark Seay]]) {{IPAc-en|ˈ|s|eɪ}}, usually {{IPAc-en|ˈ|s|iː}}
* [[Shea (disambiguation)|Shea]] - {{IPAc-en|ˈ|ʃ|eɪ}}
* [[Karen Sillas]] – {{IPAc-en|ˈ|s|aɪ|l|ə|s}}
* Smellie – {{IPAc-en|ˈ|s|m|aɪ|i}} {{#tag:ref|Scottish, e.g. [[William Smellie (disambiguation)|William Smellie]] |group= n}}
* Somerset – {{IPAc-en|ˈ|s|ʌ|m|ər|s|ᵻ|t}}
* Strachan – {{IPAc-en|ˈ|s|t|r|ɔː|n}}; {{IPAc-en|ˈ|s|t|r|æ|x|ən}} (e.g. [[Gordon Strachan]]), now often {{IPAc-en|ˈ|s|t|r|æ|k|ən}}
* Strange - intuitively
** [[Baron Strange|Baron (i.e. Lord) Strange]]  – {{IPAc-en|ˈ|s|t|r|æ|ŋ}}
* [[Dana Suesse]] – {{IPAc-en|ˈ|s|w|iː|s}}
* [[Synge (surname)|Synge]] – {{IPAc-en|ˈ|s|ɪ|ŋ}}

===T–V===
* [[Taliaferro|Tal(l)iaferro]] – {{IPAc-en|ˈ|t|ɒ|l|ᵻ|v|ər}}
* [[Roger Taney]] – {{IPAc-en|ˈ|t|ɔː|n|i}}
* [[Lauren Tewes]] – {{IPAc-en|ˈ|t|w|iː|z}}
* Thome (e.g. [[Jim Thome]]) – {{IPAc-en|t|oʊ|ˈ|m|eɪ}}
* Threatt (e.g. [[Sedale Threatt]]) – {{IPAc-en|ˈ|θ|r|iː|t}}
* [[Todd Tiahrt]] – {{IPAc-en|ˈ|t|iː|h|ɑːr|t}}
* [[Tilghman (disambiguation)|Tilghman]] – {{IPAc-en|ˈ|t|ɪ|l|m|ə|n}}
* Tjoelker – {{IPAc-en|ˈ|tʃ|oʊ|k|ər}}
* [[Jonathan Toews]] – {{IPAc-en|ˈ|t|eɪ|v|z}}
* [[Trevelyan baronets|Trevelyan]] – {{IPAc-en|t|r|ə|ˈ|v|ɪ|l|j|ə|n}}
* [[Teutul]] - {{IPAc-en|'|t|ʌ|t|ə|l}}
* Tyrwhitt (e.g. [[Reginald Tyrwhitt]]) – {{IPAc-en|ˈ|t|ɪr|ᵻ|t}}
* [[Urquhart (surname)|Urquhart]] – {{IPAc-en|ˈ|ɜːr|k|ər|t}}{{#tag:ref|Scottish, see [[Urquhart Castle]]|group= n}}
* Vanderhorst (S. Carolina) (e.g. [[Arnoldus Vanderhorst]]) – {{IPAc-en|v|æ|n|ˈ|d|r|ɑː|s}}
* Vaughan  (e.g. [[Richard Vaughan (disambiguation)|Richard Vaughan]]) – {{IPAc-en|v|ɔː|n}}
* [[Bill Veeck]] – {{IPAc-en|ˈ|v|ɛ|k}}

===W–Z===
* [[Waldegrave]] – {{IPAc-en|ˈ|w|ɔː|l|ɡ|r|eɪ|v}}
* [[Wein]], [[Weiner]] – often {{IPAc-en|ˈ|w|iː|n}} and {{IPAc-en|ˈ|w|iː|n|ər}} (e.g. [[Elizabeth E. Wein]], [[Anthony Weiner]])<ref>{{cite web|url=http://theweek.com/articles/461667/why-weiner-sometimes-weener-sometimes-whiner |title=Why is 'Weiner' sometimes 'weener' and sometimes 'whiner'?|author=Arika Okrent|publisher=The Week.com |date=2013-06-13 |accessdate=2016-02-02}}</ref>
* [[Ninian Winzet|Winzet]] – {{IPAc-en|ˈ|w|ɪ|n|j|ə|t}}
* [[Wodehouse]] – {{IPAc-en|ˈ|w|ʊ|d|h|aʊ|s}}
* [[Worcester]] – {{IPAc-en|ˈ|w|ʊ|s|t|ər}}
* [[Larry Woiwode]] – {{IPAc-en|ˈ|w|aɪ|w|ʊ|d|i}}
* [[Herman Wouk]] – {{IPAc-en|ˈ|w|oʊ|k}}
* [[Patricia Wrede]] – {{IPAc-en|ˈ|r|iː|d|i}}
* Wriothesley (e.g. the [[Earl of Southampton|Earls of Southampton]]) – variably given as {{IPAc-en|ˈ|r|ɪ|z|l|i}},  {{IPAc-en|ˈ|r|aɪ|z|l|i}}, {{IPAc-en|ˈ|r|oʊ|z|l|i}},<ref>{{cite web|url=http://www.utm.edu/staff/ngraves/shakespeare/set_VII_texts_comments/SetVII_94.html |title=Set VII, texts and comments |publisher=Utm.edu |date= |accessdate=2012-10-09}}</ref> {{IPAc-en|ˈ|r|ɔː|t|s|l|i}} or {{IPAc-en|ˈ|r|ɒ|k|s|l|i}}
* [[William Butler Yeats]] – {{IPAc-en|ˈ|j|eɪ|t|s}}
* Yeend, e.g. [[Frances Yeend]]  – {{IPAc-en|ˈ|j|ɛ|n|d}}
* [[Clayton Yeutter]]  – {{IPAc-en|ˈ|j|aɪ|t|ər}} (rhymes with fighter)

==See also==
* [[Grapheme]]
* [[English spelling]]
* [[List of shibboleths]]
* [[Pinyin#Rules given in terms of English pronunciation|Pronunciation of Chinese names in English]] - counterintuitive Q, X, C, Zh, etc. in words romanised in [[Pinyin]].

== Notes and references==
;Notes 
{{Reflist|30em|group= n}}  
;References
{{Reflist|30em}}

==Further reading==
* {{cite book|author=G. M. Miller (editor)|year=1971|title=BBC pronouncing dictionary of British names|publisher=[[Oxford University Press]]|isbn=0-19-431125-2}}
* {{cite book| author = [[Ordnance Survey of Ireland]]| title = Gazetteer of Ireland| year = 1989| publisher = Government Publications Office| isbn = 0-7076-0076-6 }}

==External links==
* [http://www.bbc.co.uk/dna/h2g2/A19773499 h2g2 guide to Pronouncing British Placenames]
* [http://www.genealogymagazine.com/surnames2.html How Do You Pronounce That Name? on genealogymagazine.com]
* [https://www.loc.gov/nls/other/sayhow.html A Pronunciation Guide to Names of Public Figures]
* [[Debrett's]] [https://web.archive.org/web/20130513102045/http://www.debretts.com/forms-of-address/surname-pronunciation/ Pronunciation of English surnames].

{{DEFAULTSORT:List Of Names In English With Counterintuitive Pronunciations}}
[[Category:English phonology|Names with non-intuitive pronunciations]]
[[Category:Lists of names|Pronunciation, non-intuitive English]]
[[Category:Lists of place names|Pronunciation, non-intuitive English]]
[[Category:Shibboleths|Names in English with counterintuitive pronunciations, List of]]

[[zh:英國和愛爾蘭音異讀城市列表]]